{
    "$schema": "https://schema.management.azure.com/schemas/2019-04-01/deploymentTemplate.json#",
    "contentVersion": "1.0.0.0",
    "parameters": {
        "location": {
            "type": "string",
            "allowedValues": [
                "ukwest",
                "uksouth"
            ],
            "metadata": {
                "description": ""
            }
        },
        "subnetName": {
            "type": "",
            "metadata": {
                "description": ""
            }
        }
    },
    "functions": [],
    "variables": {
        "vnetname": "[concat(resourceGroup().name, '-vnet')]",
        "addressPrefixes": "10.4.0.0/16",
        "subnetAddressprefix": ""
    },
    "resources": [
        {
            "type": "Microsoft.Network/virtualNetworks",
            "apiVersion": "2020-11-01",
            "name": "[variables('vnetName')]",
            "location": "[parameters('location')]",
            "tags": {
                "DisplayName": "Virtual Network",
                "Course": "AZ-104Lab9"
            },
            "properties": {
                "addressSpace": {
                    "addressPrefixes": [
                        "[variables('addressPrefixes')]"
                    ]
                },
                "subnets": [
                    {
                        "name": "[parameters('subnetName')]",
                        "properties": {
                            "addressPrefix": "[variables('subnetAddressprefix')]"
                        }
                    }
                ]
            }
        }
    ],
    "outputs": {}
}