{
    "$schema": "https://schema.management.azure.com/schemas/2019-04-01/deploymentTemplate.json#",
    "contentVersion": "1.0.0.0",
    "parameters": {
        "location": {
            "type": "string",
            "defaultValue": "ukwest",
            "allowedValues": [
                "ukwest",
                "uksouth"
            ],
            "metadata": {
                "description": "Location of the resource group and all VM's resources."
            }
        },
        "vmName": {
            "type": "string",
            "metadata": {
            "description": "Virtual Machine name e.g. DemoVM."
            }
        },
        "vmSize": {
            "type": "string",
            "allowedValues": [
                "standard_B2s",
                "Standard_B1ms"
            ],
            "metadata": {
                "description": "Virtual Machine size e.g. vCUP and RAM."
            }
        },
        "windowsOS": {
            "type": "string",
            "allowedValues": [
                "WindowsServer2016",
                "WindowsServer2019"
            ],
            "metadata": {
                "description": "Choose your Windows Server OS"
            }
        },
        "adminPassword": {
            "type": "string", //edit this line (delete this comment when done)
            "metadata": {
                "description": "Admin password for the Virtual Machine"
            }
        }
    },
    "functions": [],
    "variables": {
        "networkSecurityGroupName": "[concat(resourceGroup().name, '-nsg')]",
        "virtualNetworkName": "[concat(resourceGroup().name, '-vnet')]",
        "subnetName": "Default",
        "addressPrefixes": "10.0.0.0/16",
        //add variable here (delete this comment when done)
        "nsgId": "[resourceId(resourceGroup().name, 'Microsoft.Network/networkSecurityGroups', variables('networkSecurityGroupName'))]",
        "vnetId": "[resourceId(resourceGroup().name,'Microsoft.Network/virtualNetworks', variables('virtualNetworkName'))]",
        "subnetRef": "[concat(variables('vnetId'), '/subnets/', variables('subnetName'))]",
        "operatingSystemValues": {
            "WindowsServer2016": {}, //edit between the brackets (delete this comment when done)
            "WindowsServer2019": {} //edit between the brackets (delete this comment when done)
        },
        "allowRDP": {
            "securityRules": [
                {
                    "name": "Allow-RDP",
                    "properties": {
                        "priority": 300,
                        "protocol": "Tcp",
                        "access": "Allow",
                        "direction": "Inbound",
                        "sourceAddressPrefix": "*",
                        "sourcePortRange": "*",
                        "destinationAddressPrefix": "*",
                        "destinationPortRange": "3389"
                    }
                }
            ]
        }
    },
    "resources": [
        {
            "type": "Microsoft.Network/networkInterfaces",
            "apiVersion": "2020-11-01",
            "name": "[concat(parameters('vmName'), '-nic')]",
            "location": "[parameters('location')]",
            "dependsOn": [
                "[concat('Microsoft.Network/networkSecurityGroups/', variables('networkSecurityGroupName'))]",
                "[concat('Microsoft.Network/virtualNetworks/', variables('virtualNetworkName'))]",
                "[concat('Microsoft.Network/publicIpAddresses/', parameters('vmName'), '-ip')]"
            ],
            "properties": {
                "ipConfigurations": [
                    {
                        "name": "ipconfig1",
                        "properties": {
                            "subnet": {
                                "id": "[variables('subnetRef')]"
                            },
                            "privateIPAllocationMethod": "Dynamic",
                            "publicIPAddress": {
                                "id": "[resourceId(resourceGroup().name, 'Microsoft.Network/publicIpAddresses', concat(parameters('vmName'), '-ip'))]"
                            }
                        }
                    }
                ],
                "networkSecurityGroup": {
                    "id": "[variables('nsgId')]"
                }
            }
        },
        {
            "type": "Microsoft.Network/networkSecurityGroups",
            "apiVersion": "2020-11-01",
            "name": "[variables('networkSecurityGroupName')]",
            "location": "[parameters('location')]",
            "properties": "[variables('allowRDP')]"
        },
        {
            "type": "Microsoft.Network/virtualNetworks",
            "apiVersion": "2020-11-01",
            "name": "[variables('virtualNetworkName')]",
            "location": "[parameters('location')]",
            "properties": {
                "addressSpace": {
                    "addressPrefixes": [
                        "[variables('addressPrefixes')]"
                    ]
                },
                "subnets": [
                    {
                        "name": "[variables('subnetName')]",
                        "properties": {
                            "addressPrefix": "[variables('subnetsAddressPrefix')]"
                        }
                    }
                ]
            }
        },
        {
            "type": "Microsoft.Network/publicIPAddresses",
            "apiVersion": "2020-11-01",
            "name": "[concat(parameters('vmName'), '-ip')]",
            "location": "[parameters('location')]",
            "properties": {
                "publicIPAllocationMethod": "Dynamic"
            },
            "sku": {
                "name": "Basic"
            }
        },
        {
            "type": "Microsoft.Compute/virtualMachines",
            "apiVersion": "2020-12-01",
            "name": "[parameters('vmName')]",
            "location": "[parameters('location')]",
            "dependsOn": [
                "[concat('Microsoft.Network/networkInterfaces/', parameters('vmName'), '-nic')]"
            ],
            "properties": {
                "hardwareProfile": {
                    "vmSize": "[parameters('vmSize')]"
                },
                "storageProfile": {
                    "osDisk": {
                        "name": "[concat(parameters('vmName'), '-osdisk')]",
                        "createOption": "FromImage",
                        "managedDisk": {
                            "storageAccountType": "Standard_LRS"
                        }
                    },
                    "imageReference": "[variables('operatingSystemValues')[parameters('windowsOS')]]"
                },
                "networkProfile": {
                    "networkInterfaces": [
                        {
                            "id": "[resourceId('Microsoft.Network/networkInterfaces', concat(parameters('vmName'), '-nic'))]"
                        }
                    ]
                },
                "osProfile": {
                    "windowsConfiguration": {} //edit between the brackets (delete this comment when done)
                },
                "diagnosticsProfile": {
                    "bootDiagnostics": {} //edit between the brackets (delete this comment when done)
                }
            }
        }
    ],
    "outputs": {
        "location": {
            "type": "string",
            "value": "[parameters('location')]"
        }
    }
}